X,CH1,Start,Increment
Sequence,Volt,-1.40E-05,2.00E-08
0,,0,1.12E-01
1,,0.00000002,7.20E-02
2,,0.00000004,1.19E-01
3,,0.00000006,7.96E-02
4,,0.00000008,1.09E-01
5,,0.0000001,9.03E-02
6,,0.00000012,1.12E-01
7,,0.00000014,7.81E-02
8,,0.00000016,1.15E-01
9,,0.00000018,7.35E-02
10,,0.0000002,1.16E-01
11,,0.00000022,7.50E-02
12,,0.00000024,1.18E-01
13,,0.00000026,8.42E-02
14,,0.00000028,1.03E-01
15,,0.0000003,8.58E-02
16,,0.00000032,1.24E-01
17,,0.00000034,8.42E-02
18,,0.00000036,1.09E-01
19,,0.00000038,8.12E-02
20,,0.0000004,1.09E-01
21,,0.00000042,8.88E-02
22,,0.00000044,1.13E-01
23,,0.00000046,7.50E-02
24,,0.00000048,1.07E-01
25,,0.0000005,7.35E-02
26,,0.00000052,1.06E-01
27,,0.00000054,8.42E-02
28,,0.00000056,1.07E-01
29,,0.00000058,7.66E-02
30,,0.0000006,1.07E-01
31,,0.00000062,7.96E-02
32,,0.00000064,1.10E-01
33,,0.00000066,8.12E-02
34,,0.00000068,1.16E-01
35,,0.0000007,6.43E-02
36,,0.00000072,1.10E-01
37,,0.00000074,7.20E-02
38,,0.00000076,1.10E-01
39,,0.00000078,7.35E-02
40,,0.0000008,1.09E-01
41,,0.00000082,8.73E-02
42,,0.00000084,1.06E-01
43,,0.00000086,8.73E-02
44,,0.00000088,1.03E-01
45,,0.0000009,7.66E-02
46,,0.00000092,1.04E-01
47,,0.00000094,8.58E-02
48,,0.00000096,1.18E-01
49,,0.00000098,7.66E-02
50,,0.000001,1.24E-01
51,,0.00000102,7.35E-02
52,,0.00000104,1.13E-01
53,,0.00000106,8.27E-02
54,,0.00000108,1.07E-01
55,,0.0000011,8.27E-02
56,,0.00000112,1.10E-01
57,,0.00000114,8.58E-02
58,,0.00000116,1.13E-01
59,,0.00000118,8.58E-02
60,,0.0000012,1.03E-01
61,,0.00000122,7.66E-02
62,,0.00000124,1.12E-01
63,,0.00000126,8.42E-02
64,,0.00000128,1.15E-01
65,,0.0000013,8.42E-02
66,,0.00000132,1.09E-01
67,,0.00000134,8.42E-02
68,,0.00000136,1.09E-01
69,,0.00000138,8.42E-02
70,,0.0000014,1.07E-01
71,,0.00000142,6.89E-02
72,,0.00000144,1.16E-01
73,,0.00000146,8.12E-02
74,,0.00000148,1.07E-01
75,,0.0000015,7.20E-02
76,,0.00000152,1.07E-01
77,,0.00000154,8.42E-02
78,,0.00000156,1.01E-01
79,,0.00000158,8.73E-02
80,,0.0000016,1.06E-01
81,,0.00000162,7.20E-02
82,,0.00000164,1.21E-01
83,,0.00000166,8.42E-02
84,,0.00000168,9.49E-02
85,,0.0000017,7.20E-02
86,,0.00000172,9.95E-02
87,,0.00000174,8.73E-02
88,,0.00000176,1.21E-01
89,,0.00000178,9.03E-02
90,,0.0000018,1.12E-01
91,,0.00000182,8.58E-02
92,,0.00000184,1.15E-01
93,,0.00000186,8.12E-02
94,,0.00000188,1.01E-01
95,,0.0000019,8.12E-02
96,,0.00000192,1.07E-01
97,,0.00000194,7.66E-02
98,,0.00000196,1.10E-01
99,,0.00000198,7.35E-02
100,,0.000002,1.07E-01
101,,0.00000202,7.96E-02
102,,0.00000204,1.03E-01
103,,0.00000206,8.58E-02
104,,0.00000208,1.15E-01
105,,0.0000021,8.58E-02
106,,0.00000212,1.04E-01
107,,0.00000214,8.12E-02
108,,0.00000216,1.10E-01
109,,0.00000218,7.66E-02
110,,0.0000022,1.01E-01
111,,0.00000222,8.12E-02
112,,0.00000224,1.12E-01
113,,0.00000226,7.66E-02
114,,0.00000228,1.10E-01
115,,0.0000023,7.96E-02
116,,0.00000232,1.07E-01
117,,0.00000234,7.50E-02
118,,0.00000236,1.12E-01
119,,0.00000238,8.42E-02
120,,0.0000024,1.09E-01
121,,0.00000242,8.12E-02
122,,0.00000244,1.18E-01
123,,0.00000246,8.12E-02
124,,0.00000248,1.09E-01
125,,0.0000025,7.81E-02
126,,0.00000252,1.12E-01
127,,0.00000254,7.35E-02
128,,0.00000256,1.12E-01
129,,0.00000258,8.42E-02
130,,0.0000026,1.10E-01
131,,0.00000262,8.73E-02
132,,0.00000264,1.09E-01
133,,0.00000266,8.88E-02
134,,0.00000268,1.18E-01
135,,0.0000027,7.50E-02
136,,0.00000272,1.21E-01
137,,0.00000274,8.58E-02
138,,0.00000276,1.07E-01
139,,0.00000278,7.66E-02
140,,0.0000028,1.12E-01
141,,0.00000282,7.66E-02
142,,0.00000284,1.09E-01
143,,0.00000286,7.96E-02
144,,0.00000288,1.12E-01
145,,0.0000029,8.73E-02
146,,0.00000292,1.13E-01
147,,0.00000294,8.12E-02
148,,0.00000296,1.15E-01
149,,0.00000298,7.50E-02
150,,0.000003,1.15E-01
151,,0.00000302,8.42E-02
152,,0.00000304,1.07E-01
153,,0.00000306,7.81E-02
154,,0.00000308,1.04E-01
155,,0.0000031,8.12E-02
156,,0.00000312,1.01E-01
157,,0.00000314,7.81E-02
158,,0.00000316,1.07E-01
159,,0.00000318,8.27E-02
160,,0.0000032,1.06E-01
161,,0.00000322,8.12E-02
162,,0.00000324,1.12E-01
163,,0.00000326,8.73E-02
164,,0.00000328,1.10E-01
165,,0.0000033,8.12E-02
166,,0.00000332,1.07E-01
167,,0.00000334,7.81E-02
168,,0.00000336,1.16E-01
169,,0.00000338,7.96E-02
170,,0.0000034,1.01E-01
171,,0.00000342,7.66E-02
172,,0.00000344,1.21E-01
173,,0.00000346,8.12E-02
174,,0.00000348,1.23E-01
175,,0.0000035,7.04E-02
176,,0.00000352,1.12E-01
177,,0.00000354,8.88E-02
178,,0.00000356,1.03E-01
179,,0.00000358,7.96E-02
180,,0.0000036,1.06E-01
181,,0.00000362,7.66E-02
182,,0.00000364,1.13E-01
183,,0.00000366,7.20E-02
184,,0.00000368,1.09E-01
185,,0.0000037,7.96E-02
186,,0.00000372,1.12E-01
187,,0.00000374,7.50E-02
188,,0.00000376,1.16E-01
189,,0.00000378,7.96E-02
190,,0.0000038,1.01E-01
191,,0.00000382,8.42E-02
192,,0.00000384,1.09E-01
193,,0.00000386,8.58E-02
194,,0.00000388,1.07E-01
195,,0.0000039,8.42E-02
196,,0.00000392,1.09E-01
197,,0.00000394,7.35E-02
198,,0.00000396,1.12E-01
199,,0.00000398,9.03E-02
200,,0.000004,1.10E-01
201,,0.00000402,8.58E-02
202,,0.00000404,1.12E-01
203,,0.00000406,8.12E-02
204,,0.00000408,1.06E-01
205,,0.0000041,6.89E-02
206,,0.00000412,1.07E-01
207,,0.00000414,7.04E-02
208,,0.00000416,1.06E-01
209,,0.00000418,8.12E-02
210,,0.0000042,1.09E-01
211,,0.00000422,8.73E-02
212,,0.00000424,1.19E-01
213,,0.00000426,8.42E-02
214,,0.00000428,1.04E-01
215,,0.0000043,7.96E-02
216,,0.00000432,1.09E-01
217,,0.00000434,8.58E-02
218,,0.00000436,1.09E-01
219,,0.00000438,8.27E-02
220,,0.0000044,1.13E-01
221,,0.00000442,7.81E-02
222,,0.00000444,1.10E-01
223,,0.00000446,8.42E-02
224,,0.00000448,1.04E-01
225,,0.0000045,7.35E-02
226,,0.00000452,1.10E-01
227,,0.00000454,8.12E-02
228,,0.00000456,1.09E-01
229,,0.00000458,7.81E-02
230,,0.0000046,1.12E-01
231,,0.00000462,8.27E-02
232,,0.00000464,1.13E-01
233,,0.00000466,8.58E-02
234,,0.00000468,1.09E-01
235,,0.0000047,8.12E-02
236,,0.00000472,1.06E-01
237,,0.00000474,8.12E-02
238,,0.00000476,1.07E-01
239,,0.00000478,8.42E-02
240,,0.0000048,1.12E-01
241,,0.00000482,8.58E-02
242,,0.00000484,1.04E-01
243,,0.00000486,8.88E-02
244,,0.00000488,1.12E-01
245,,0.0000049,8.42E-02
246,,0.00000492,1.07E-01
247,,0.00000494,8.42E-02
248,,0.00000496,1.10E-01
249,,0.00000498,8.42E-02
250,,0.000005,1.21E-01
251,,0.00000502,8.27E-02
252,,0.00000504,1.16E-01
253,,0.00000506,8.58E-02
254,,0.00000508,1.13E-01
255,,0.0000051,8.42E-02
256,,0.00000512,1.12E-01
257,,0.00000514,8.12E-02
258,,0.00000516,1.06E-01
259,,0.00000518,8.12E-02
260,,0.0000052,1.16E-01
261,,0.00000522,7.96E-02
262,,0.00000524,1.09E-01
263,,0.00000526,8.27E-02
264,,0.00000528,1.12E-01
265,,0.0000053,7.96E-02
266,,0.00000532,1.12E-01
267,,0.00000534,7.66E-02
268,,0.00000536,1.10E-01
269,,0.00000538,8.12E-02
270,,0.0000054,1.09E-01
271,,0.00000542,8.42E-02
272,,0.00000544,1.09E-01
273,,0.00000546,7.96E-02
274,,0.00000548,1.19E-01
275,,0.0000055,8.12E-02
276,,0.00000552,1.04E-01
277,,0.00000554,7.20E-02
278,,0.00000556,1.09E-01
279,,0.00000558,8.73E-02
280,,0.0000056,1.09E-01
281,,0.00000562,7.66E-02
282,,0.00000564,1.13E-01
283,,0.00000566,7.04E-02
284,,0.00000568,1.12E-01
285,,0.0000057,8.88E-02
286,,0.00000572,1.07E-01
287,,0.00000574,7.81E-02
288,,0.00000576,9.80E-02
289,,0.00000578,7.81E-02
290,,0.0000058,1.01E-01
291,,0.00000582,6.28E-02
292,,0.00000584,1.12E-01
293,,0.00000586,8.12E-02
294,,0.00000588,1.12E-01
295,,0.0000059,7.66E-02
296,,0.00000592,1.09E-01
297,,0.00000594,8.27E-02
298,,0.00000596,1.09E-01
299,,0.00000598,7.35E-02
300,,0.000006,1.01E-01
301,,0.00000602,8.42E-02
302,,0.00000604,1.27E-01
303,,0.00000606,7.96E-02
304,,0.00000608,1.04E-01
305,,0.0000061,8.73E-02
306,,0.00000612,1.01E-01
307,,0.00000614,7.96E-02
308,,0.00000616,1.10E-01
309,,0.00000618,7.50E-02
310,,0.0000062,1.16E-01
311,,0.00000622,7.96E-02
312,,0.00000624,1.32E-01
313,,0.00000626,7.35E-02
314,,0.00000628,1.09E-01
315,,0.0000063,8.27E-02
316,,0.00000632,1.07E-01
317,,0.00000634,7.66E-02
318,,0.00000636,1.06E-01
319,,0.00000638,8.27E-02
320,,0.0000064,1.04E-01
321,,0.00000642,7.81E-02
322,,0.00000644,1.07E-01
323,,0.00000646,8.27E-02
324,,0.00000648,1.10E-01
325,,0.0000065,7.96E-02
326,,0.00000652,1.16E-01
327,,0.00000654,7.20E-02
328,,0.00000656,1.13E-01
329,,0.00000658,8.58E-02
330,,0.0000066,1.04E-01
331,,0.00000662,7.96E-02
332,,0.00000664,1.18E-01
333,,0.00000666,8.12E-02
334,,0.00000668,1.12E-01
335,,0.0000067,8.12E-02
336,,0.00000672,1.03E-01
337,,0.00000674,8.42E-02
338,,0.00000676,1.04E-01
339,,0.00000678,7.66E-02
340,,0.0000068,1.06E-01
341,,0.00000682,7.66E-02
342,,0.00000684,9.80E-02
343,,0.00000686,7.96E-02
344,,0.00000688,9.95E-02
345,,0.0000069,7.96E-02
346,,0.00000692,1.10E-01
347,,0.00000694,7.81E-02
348,,0.00000696,1.01E-01
349,,0.00000698,8.42E-02
350,,0.000007,1.16E-01
351,,0.00000702,7.35E-02
352,,0.00000704,1.04E-01
353,,0.00000706,8.12E-02
354,,0.00000708,1.18E-01
355,,0.0000071,7.81E-02
356,,0.00000712,1.01E-01
357,,0.00000714,6.58E-02
358,,0.00000716,1.12E-01
359,,0.00000718,8.58E-02
360,,0.0000072,1.12E-01
361,,0.00000722,7.96E-02
362,,0.00000724,1.09E-01
363,,0.00000726,8.27E-02
364,,0.00000728,1.15E-01
365,,0.0000073,8.73E-02
366,,0.00000732,1.10E-01
367,,0.00000734,8.88E-02
368,,0.00000736,1.09E-01
369,,0.00000738,7.96E-02
370,,0.0000074,1.06E-01
371,,0.00000742,8.42E-02
372,,0.00000744,1.10E-01
373,,0.00000746,8.12E-02
374,,0.00000748,1.07E-01
375,,0.0000075,7.04E-02
376,,0.00000752,1.06E-01
377,,0.00000754,7.96E-02
378,,0.00000756,1.01E-01
379,,0.00000758,8.42E-02
380,,0.0000076,1.07E-01
381,,0.00000762,8.73E-02
382,,0.00000764,1.01E-01
383,,0.00000766,7.96E-02
384,,0.00000768,1.10E-01
385,,0.0000077,8.73E-02
386,,0.00000772,1.19E-01
387,,0.00000774,7.81E-02
388,,0.00000776,1.10E-01
389,,0.00000778,8.42E-02
390,,0.0000078,1.13E-01
391,,0.00000782,7.66E-02
392,,0.00000784,1.23E-01
393,,0.00000786,8.12E-02
394,,0.00000788,1.06E-01
395,,0.0000079,7.81E-02
396,,0.00000792,1.19E-01
397,,0.00000794,7.81E-02
398,,0.00000796,1.04E-01
399,,0.00000798,8.12E-02
400,,0.000008,1.07E-01
401,,0.00000802,7.66E-02
402,,0.00000804,9.95E-02
403,,0.00000806,7.81E-02
404,,0.00000808,1.10E-01
405,,0.0000081,8.58E-02
406,,0.00000812,1.06E-01
407,,0.00000814,7.35E-02
408,,0.00000816,1.09E-01
409,,0.00000818,7.66E-02
410,,0.0000082,1.07E-01
411,,0.00000822,7.50E-02
412,,0.00000824,1.06E-01
413,,0.00000826,8.88E-02
414,,0.00000828,1.06E-01
415,,0.0000083,8.12E-02
416,,0.00000832,1.04E-01
417,,0.00000834,7.81E-02
418,,0.00000836,1.07E-01
419,,0.00000838,7.96E-02
420,,0.0000084,1.12E-01
421,,0.00000842,8.12E-02
422,,0.00000844,1.07E-01
423,,0.00000846,8.27E-02
424,,0.00000848,1.03E-01
425,,0.0000085,7.35E-02
426,,0.00000852,1.04E-01
427,,0.00000854,8.42E-02
428,,0.00000856,1.16E-01
429,,0.00000858,7.04E-02
430,,0.0000086,1.04E-01
431,,0.00000862,7.96E-02
432,,0.00000864,1.12E-01
433,,0.00000866,7.66E-02
434,,0.00000868,1.04E-01
435,,0.0000087,7.96E-02
436,,0.00000872,1.13E-01
437,,0.00000874,7.35E-02
438,,0.00000876,1.13E-01
439,,0.00000878,8.27E-02
440,,0.0000088,1.04E-01
441,,0.00000882,8.27E-02
442,,0.00000884,1.12E-01
443,,0.00000886,8.27E-02
444,,0.00000888,1.12E-01
445,,0.0000089,8.27E-02
446,,0.00000892,1.10E-01
447,,0.00000894,8.27E-02
448,,0.00000896,1.12E-01
449,,0.00000898,7.35E-02
450,,0.000009,1.07E-01
451,,0.00000902,8.12E-02
452,,0.00000904,1.07E-01
453,,0.00000906,7.66E-02
454,,0.00000908,1.16E-01
455,,0.0000091,7.35E-02
456,,0.00000912,1.15E-01
457,,0.00000914,7.81E-02
458,,0.00000916,1.07E-01
459,,0.00000918,7.66E-02
460,,0.0000092,1.18E-01
461,,0.00000922,8.58E-02
462,,0.00000924,1.18E-01
463,,0.00000926,8.12E-02
464,,0.00000928,1.06E-01
465,,0.0000093,8.12E-02
466,,0.00000932,1.09E-01
467,,0.00000934,7.50E-02
468,,0.00000936,1.15E-01
469,,0.00000938,7.66E-02
470,,0.0000094,1.01E-01
471,,0.00000942,8.27E-02
472,,0.00000944,1.13E-01
473,,0.00000946,7.35E-02
474,,0.00000948,1.15E-01
475,,0.0000095,7.81E-02
476,,0.00000952,1.12E-01
477,,0.00000954,6.74E-02
478,,0.00000956,1.06E-01
479,,0.00000958,7.66E-02
480,,0.0000096,1.15E-01
481,,0.00000962,7.96E-02
482,,0.00000964,9.80E-02
483,,0.00000966,8.58E-02
484,,0.00000968,1.09E-01
485,,0.0000097,8.73E-02
486,,0.00000972,1.12E-01
487,,0.00000974,8.58E-02
488,,0.00000976,1.13E-01
489,,0.00000978,7.81E-02
490,,0.0000098,1.07E-01
491,,0.00000982,8.42E-02
492,,0.00000984,1.10E-01
493,,0.00000986,7.81E-02
494,,0.00000988,1.18E-01
495,,0.0000099,8.42E-02
496,,0.00000992,1.12E-01
497,,0.00000994,8.27E-02
498,,0.00000996,1.18E-01
499,,0.00000998,8.42E-02
500,,0.00001,1.07E-01
501,,0.00001002,8.42E-02
502,,0.00001004,1.16E-01
503,,0.00001006,8.12E-02
504,,0.00001008,1.10E-01
505,,0.0000101,8.42E-02
506,,0.00001012,1.03E-01
507,,0.00001014,8.27E-02
508,,0.00001016,1.10E-01
509,,0.00001018,9.03E-02
510,,0.0000102,1.09E-01
511,,0.00001022,7.20E-02
512,,0.00001024,1.12E-01
513,,0.00001026,7.81E-02
514,,0.00001028,1.13E-01
515,,0.0000103,7.20E-02
516,,0.00001032,1.12E-01
517,,0.00001034,8.73E-02
518,,0.00001036,1.15E-01
519,,0.00001038,8.27E-02
520,,0.0000104,1.03E-01
521,,0.00001042,8.58E-02
522,,0.00001044,1.12E-01
523,,0.00001046,8.42E-02
524,,0.00001048,1.10E-01
525,,0.0000105,7.66E-02
526,,0.00001052,1.10E-01
527,,0.00001054,8.12E-02
528,,0.00001056,9.80E-02
529,,0.00001058,8.27E-02
530,,0.0000106,1.15E-01
531,,0.00001062,8.73E-02
532,,0.00001064,9.49E-02
533,,0.00001066,8.12E-02
534,,0.00001068,1.10E-01
535,,0.0000107,7.50E-02
536,,0.00001072,1.07E-01
537,,0.00001074,8.42E-02
538,,0.00001076,1.04E-01
539,,0.00001078,7.50E-02
540,,0.0000108,1.09E-01
541,,0.00001082,8.27E-02
542,,0.00001084,1.04E-01
543,,0.00001086,7.04E-02
544,,0.00001088,1.03E-01
545,,0.0000109,8.42E-02
546,,0.00001092,1.03E-01
547,,0.00001094,8.27E-02
548,,0.00001096,1.10E-01
549,,0.00001098,7.81E-02
550,,0.000011,1.07E-01
551,,0.00001102,7.35E-02
552,,0.00001104,1.15E-01
553,,0.00001106,7.20E-02
554,,0.00001108,1.09E-01
555,,0.0000111,6.89E-02
556,,0.00001112,1.06E-01
557,,0.00001114,7.04E-02
558,,0.00001116,1.06E-01
559,,0.00001118,7.81E-02
560,,0.0000112,1.09E-01
561,,0.00001122,7.81E-02
562,,0.00001124,1.04E-01
563,,0.00001126,8.27E-02
564,,0.00001128,1.13E-01
565,,0.0000113,7.50E-02
566,,0.00001132,9.95E-02
567,,0.00001134,7.96E-02
568,,0.00001136,1.10E-01
569,,0.00001138,8.73E-02
570,,0.0000114,1.15E-01
571,,0.00001142,8.42E-02
572,,0.00001144,1.15E-01
573,,0.00001146,9.03E-02
574,,0.00001148,1.16E-01
575,,0.0000115,8.27E-02
576,,0.00001152,1.04E-01
577,,0.00001154,7.50E-02
578,,0.00001156,1.18E-01
579,,0.00001158,8.12E-02
580,,0.0000116,9.80E-02
581,,0.00001162,7.96E-02
582,,0.00001164,1.04E-01
583,,0.00001166,8.27E-02
584,,0.00001168,1.06E-01
585,,0.0000117,7.66E-02
586,,0.00001172,1.06E-01
587,,0.00001174,8.12E-02
588,,0.00001176,1.07E-01
589,,0.00001178,7.96E-02
590,,0.0000118,1.15E-01
591,,0.00001182,8.27E-02
592,,0.00001184,1.06E-01
593,,0.00001186,7.81E-02
594,,0.00001188,9.65E-02
595,,0.0000119,8.12E-02
596,,0.00001192,1.16E-01
597,,0.00001194,6.89E-02
598,,0.00001196,1.07E-01
599,,0.00001198,7.66E-02
600,,0.000012,1.06E-01
601,,0.00001202,7.96E-02
602,,0.00001204,1.10E-01
603,,0.00001206,7.81E-02
604,,0.00001208,1.13E-01
605,,0.0000121,7.81E-02
606,,0.00001212,1.04E-01
607,,0.00001214,8.42E-02
608,,0.00001216,1.09E-01
609,,0.00001218,8.88E-02
610,,0.0000122,1.15E-01
611,,0.00001222,8.58E-02
612,,0.00001224,1.13E-01
613,,0.00001226,7.66E-02
614,,0.00001228,1.09E-01
615,,0.0000123,7.50E-02
616,,0.00001232,1.09E-01
617,,0.00001234,8.12E-02
618,,0.00001236,1.18E-01
619,,0.00001238,8.27E-02
620,,0.0000124,1.09E-01
621,,0.00001242,8.12E-02
622,,0.00001244,1.03E-01
623,,0.00001246,7.66E-02
624,,0.00001248,1.03E-01
625,,0.0000125,7.66E-02
626,,0.00001252,1.04E-01
627,,0.00001254,7.81E-02
628,,0.00001256,1.12E-01
629,,0.00001258,7.96E-02
630,,0.0000126,1.12E-01
631,,0.00001262,8.58E-02
632,,0.00001264,1.09E-01
633,,0.00001266,7.50E-02
634,,0.00001268,1.21E-01
635,,0.0000127,7.96E-02
636,,0.00001272,1.12E-01
637,,0.00001274,7.81E-02
638,,0.00001276,1.16E-01
639,,0.00001278,7.66E-02
640,,0.0000128,1.15E-01
641,,0.00001282,8.42E-02
642,,0.00001284,1.04E-01
643,,0.00001286,8.42E-02
644,,0.00001288,1.13E-01
645,,0.0000129,8.88E-02
646,,0.00001292,1.06E-01
647,,0.00001294,7.50E-02
648,,0.00001296,1.18E-01
649,,0.00001298,7.20E-02
650,,0.000013,1.07E-01
651,,0.00001302,7.96E-02
652,,0.00001304,1.10E-01
653,,0.00001306,7.96E-02
654,,0.00001308,1.19E-01
655,,0.0000131,8.12E-02
656,,0.00001312,1.12E-01
657,,0.00001314,8.12E-02
658,,0.00001316,1.12E-01
659,,0.00001318,7.35E-02
660,,0.0000132,1.10E-01
661,,0.00001322,7.96E-02
662,,0.00001324,1.07E-01
663,,0.00001326,7.04E-02
664,,0.00001328,1.04E-01
665,,0.0000133,8.12E-02
666,,0.00001332,1.10E-01
667,,0.00001334,7.96E-02
668,,0.00001336,1.16E-01
669,,0.00001338,7.50E-02
670,,0.0000134,1.13E-01
671,,0.00001342,7.04E-02
672,,0.00001344,1.04E-01
673,,0.00001346,7.66E-02
674,,0.00001348,1.04E-01
675,,0.0000135,7.35E-02
676,,0.00001352,1.06E-01
677,,0.00001354,7.50E-02
678,,0.00001356,1.07E-01
679,,0.00001358,8.27E-02
680,,0.0000136,1.10E-01
681,,0.00001362,8.73E-02
682,,0.00001364,1.12E-01
683,,0.00001366,9.03E-02
684,,0.00001368,1.09E-01
685,,0.0000137,8.27E-02
686,,0.00001372,1.01E-01
687,,0.00001374,8.27E-02
688,,0.00001376,1.13E-01
689,,0.00001378,8.58E-02
690,,0.0000138,1.04E-01
691,,0.00001382,7.66E-02
692,,0.00001384,1.01E-01
693,,0.00001386,8.27E-02
694,,0.00001388,1.12E-01
695,,0.0000139,6.28E-02
696,,0.00001392,1.07E-01
697,,0.00001394,7.81E-02
698,,0.00001396,1.18E-01
699,,0.00001398,7.20E-02
700,,0.000014,1.06E-01
701,,0.00001402,7.81E-02
702,,0.00001404,1.18E-01
703,,0.00001406,7.35E-02
704,,0.00001408,1.10E-01
705,,0.0000141,8.12E-02
706,,0.00001412,1.12E-01
707,,0.00001414,7.96E-02
708,,0.00001416,1.07E-01
709,,0.00001418,8.27E-02
710,,0.0000142,1.10E-01
711,,0.00001422,7.66E-02
712,,0.00001424,1.01E-01
713,,0.00001426,8.42E-02
714,,0.00001428,1.10E-01
715,,0.0000143,7.66E-02
716,,0.00001432,1.23E-01
717,,0.00001434,8.58E-02
718,,0.00001436,1.04E-01
719,,0.00001438,7.66E-02
720,,0.0000144,9.80E-02
721,,0.00001442,7.81E-02
722,,0.00001444,9.95E-02
723,,0.00001446,8.42E-02
724,,0.00001448,1.10E-01
725,,0.0000145,7.04E-02
726,,0.00001452,1.12E-01
727,,0.00001454,8.27E-02
728,,0.00001456,1.10E-01
729,,0.00001458,8.42E-02
730,,0.0000146,1.12E-01
731,,0.00001462,8.73E-02
732,,0.00001464,1.04E-01
733,,0.00001466,7.66E-02
734,,0.00001468,1.06E-01
735,,0.0000147,7.96E-02
736,,0.00001472,1.13E-01
737,,0.00001474,8.73E-02
738,,0.00001476,1.10E-01
739,,0.00001478,8.12E-02
740,,0.0000148,1.04E-01
741,,0.00001482,8.42E-02
742,,0.00001484,1.09E-01
743,,0.00001486,7.81E-02
744,,0.00001488,1.07E-01
745,,0.0000149,7.35E-02
746,,0.00001492,1.09E-01
747,,0.00001494,7.50E-02
748,,0.00001496,1.12E-01
749,,0.00001498,6.58E-02
750,,0.000015,1.13E-01
751,,0.00001502,8.58E-02
752,,0.00001504,1.13E-01
753,,0.00001506,9.19E-02
754,,0.00001508,1.07E-01
755,,0.0000151,8.58E-02
756,,0.00001512,1.13E-01
757,,0.00001514,8.27E-02
758,,0.00001516,1.16E-01
759,,0.00001518,8.12E-02
760,,0.0000152,1.06E-01
761,,0.00001522,8.27E-02
762,,0.00001524,1.15E-01
763,,0.00001526,8.27E-02
764,,0.00001528,1.07E-01
765,,0.0000153,8.27E-02
766,,0.00001532,1.09E-01
767,,0.00001534,8.42E-02
768,,0.00001536,1.13E-01
769,,0.00001538,7.81E-02
770,,0.0000154,1.07E-01
771,,0.00001542,7.50E-02
772,,0.00001544,1.06E-01
773,,0.00001546,8.27E-02
774,,0.00001548,1.12E-01
775,,0.0000155,7.04E-02
776,,0.00001552,1.12E-01
777,,0.00001554,8.73E-02
778,,0.00001556,1.01E-01
779,,0.00001558,8.27E-02
780,,0.0000156,1.03E-01
781,,0.00001562,7.96E-02
782,,0.00001564,9.80E-02
783,,0.00001566,8.27E-02
784,,0.00001568,1.09E-01
785,,0.0000157,8.42E-02
786,,0.00001572,1.09E-01
787,,0.00001574,7.81E-02
788,,0.00001576,1.15E-01
789,,0.00001578,7.96E-02
790,,0.0000158,1.07E-01
791,,0.00001582,7.66E-02
792,,0.00001584,1.07E-01
793,,0.00001586,8.27E-02
794,,0.00001588,1.09E-01
795,,0.0000159,7.81E-02
796,,0.00001592,1.18E-01
797,,0.00001594,8.42E-02
798,,0.00001596,1.04E-01
799,,0.00001598,7.66E-02
800,,0.000016,1.18E-01
801,,0.00001602,7.96E-02
802,,0.00001604,1.12E-01
803,,0.00001606,8.12E-02
804,,0.00001608,1.06E-01
805,,0.0000161,8.12E-02
806,,0.00001612,1.10E-01
807,,0.00001614,8.12E-02
808,,0.00001616,1.06E-01
809,,0.00001618,8.12E-02
810,,0.0000162,1.15E-01
811,,0.00001622,7.81E-02
812,,0.00001624,1.10E-01
813,,0.00001626,8.42E-02
814,,0.00001628,1.09E-01
815,,0.0000163,7.96E-02
816,,0.00001632,1.09E-01
817,,0.00001634,7.66E-02
818,,0.00001636,1.09E-01
819,,0.00001638,7.66E-02
820,,0.0000164,1.09E-01
821,,0.00001642,8.12E-02
822,,0.00001644,1.26E-01
823,,0.00001646,8.58E-02
824,,0.00001648,1.15E-01
825,,0.0000165,7.20E-02
826,,0.00001652,1.04E-01
827,,0.00001654,7.50E-02
828,,0.00001656,1.12E-01
829,,0.00001658,8.73E-02
830,,0.0000166,1.09E-01
831,,0.00001662,8.27E-02
832,,0.00001664,1.10E-01
833,,0.00001666,8.58E-02
834,,0.00001668,1.09E-01
835,,0.0000167,8.58E-02
836,,0.00001672,1.13E-01
837,,0.00001674,8.42E-02
838,,0.00001676,1.03E-01
839,,0.00001678,7.35E-02
840,,0.0000168,1.04E-01
841,,0.00001682,7.81E-02
842,,0.00001684,1.10E-01
843,,0.00001686,8.27E-02
844,,0.00001688,1.07E-01
845,,0.0000169,7.50E-02
846,,0.00001692,1.13E-01
847,,0.00001694,7.81E-02
848,,0.00001696,1.10E-01
849,,0.00001698,7.35E-02
850,,0.000017,1.03E-01
851,,0.00001702,7.81E-02
852,,0.00001704,1.06E-01
853,,0.00001706,7.66E-02
854,,0.00001708,9.80E-02
855,,0.0000171,7.66E-02
856,,0.00001712,1.07E-01
857,,0.00001714,7.81E-02
858,,0.00001716,1.03E-01
859,,0.00001718,8.73E-02
860,,0.0000172,1.04E-01
861,,0.00001722,8.88E-02
862,,0.00001724,1.01E-01
863,,0.00001726,8.12E-02
864,,0.00001728,1.06E-01
865,,0.0000173,8.42E-02
866,,0.00001732,1.13E-01
867,,0.00001734,9.03E-02
868,,0.00001736,1.03E-01
869,,0.00001738,7.81E-02
870,,0.0000174,1.13E-01
871,,0.00001742,7.96E-02
872,,0.00001744,1.07E-01
873,,0.00001746,8.73E-02
874,,0.00001748,1.04E-01
875,,0.0000175,8.42E-02
876,,0.00001752,1.04E-01
877,,0.00001754,7.96E-02
878,,0.00001756,1.03E-01
879,,0.00001758,7.35E-02
880,,0.0000176,1.06E-01
881,,0.00001762,8.42E-02
882,,0.00001764,1.07E-01
883,,0.00001766,7.66E-02
884,,0.00001768,1.13E-01
885,,0.0000177,8.12E-02
886,,0.00001772,1.10E-01
887,,0.00001774,8.12E-02
888,,0.00001776,1.01E-01
889,,0.00001778,8.58E-02
890,,0.0000178,1.03E-01
891,,0.00001782,7.66E-02
892,,0.00001784,1.19E-01
893,,0.00001786,6.74E-02
894,,0.00001788,9.95E-02
895,,0.0000179,8.58E-02
896,,0.00001792,1.10E-01
897,,0.00001794,8.27E-02
898,,0.00001796,1.07E-01
899,,0.00001798,7.20E-02
900,,0.000018,1.12E-01
901,,0.00001802,7.50E-02
902,,0.00001804,1.15E-01
903,,0.00001806,7.96E-02
904,,0.00001808,1.18E-01
905,,0.0000181,7.81E-02
906,,0.00001812,1.13E-01
907,,0.00001814,7.81E-02
908,,0.00001816,1.10E-01
909,,0.00001818,7.50E-02
910,,0.0000182,1.06E-01
911,,0.00001822,6.89E-02
912,,0.00001824,1.09E-01
913,,0.00001826,7.81E-02
914,,0.00001828,1.03E-01
915,,0.0000183,7.96E-02
916,,0.00001832,1.09E-01
917,,0.00001834,9.03E-02
918,,0.00001836,1.18E-01
919,,0.00001838,8.12E-02
920,,0.0000184,1.09E-01
921,,0.00001842,7.04E-02
922,,0.00001844,1.10E-01
923,,0.00001846,8.42E-02
924,,0.00001848,1.03E-01
925,,0.0000185,8.42E-02
926,,0.00001852,9.95E-02
927,,0.00001854,8.12E-02
928,,0.00001856,1.09E-01
929,,0.00001858,7.66E-02
930,,0.0000186,1.09E-01
931,,0.00001862,7.35E-02
932,,0.00001864,1.01E-01
933,,0.00001866,7.35E-02
934,,0.00001868,1.03E-01
935,,0.0000187,7.81E-02
936,,0.00001872,1.12E-01
937,,0.00001874,7.96E-02
938,,0.00001876,1.12E-01
939,,0.00001878,7.96E-02
940,,0.0000188,1.09E-01
941,,0.00001882,7.96E-02
942,,0.00001884,1.10E-01
943,,0.00001886,8.42E-02
944,,0.00001888,1.18E-01
945,,0.0000189,7.96E-02
946,,0.00001892,1.09E-01
947,,0.00001894,8.88E-02
948,,0.00001896,1.03E-01
949,,0.00001898,7.81E-02
950,,0.000019,1.04E-01
951,,0.00001902,8.27E-02
952,,0.00001904,1.13E-01
953,,0.00001906,7.81E-02
954,,0.00001908,1.16E-01
955,,0.0000191,8.12E-02
956,,0.00001912,1.03E-01
957,,0.00001914,7.04E-02
958,,0.00001916,1.07E-01
959,,0.00001918,8.73E-02
960,,0.0000192,1.07E-01
961,,0.00001922,7.81E-02
962,,0.00001924,1.06E-01
963,,0.00001926,7.35E-02
964,,0.00001928,1.04E-01
965,,0.0000193,7.96E-02
966,,0.00001932,1.03E-01
967,,0.00001934,8.42E-02
968,,0.00001936,1.12E-01
969,,0.00001938,7.81E-02
970,,0.0000194,1.06E-01
971,,0.00001942,7.35E-02
972,,0.00001944,1.12E-01
973,,0.00001946,8.27E-02
974,,0.00001948,1.15E-01
975,,0.0000195,8.42E-02
976,,0.00001952,1.10E-01
977,,0.00001954,8.42E-02
978,,0.00001956,1.24E-01
979,,0.00001958,8.58E-02
980,,0.0000196,1.12E-01
981,,0.00001962,8.42E-02
982,,0.00001964,1.13E-01
983,,0.00001966,8.42E-02
984,,0.00001968,1.09E-01
985,,0.0000197,8.12E-02
986,,0.00001972,1.09E-01
987,,0.00001974,8.27E-02
988,,0.00001976,1.07E-01
989,,0.00001978,7.81E-02
990,,0.0000198,1.04E-01
991,,0.00001982,8.42E-02
992,,0.00001984,1.09E-01
993,,0.00001986,8.42E-02
994,,0.00001988,9.95E-02
995,,0.0000199,8.27E-02
996,,0.00001992,1.12E-01
997,,0.00001994,7.96E-02
998,,0.00001996,1.09E-01
999,,0.00001998,7.96E-02
1000,,0.00002,1.10E-01
1001,,0.00002002,6.74E-02
1002,,0.00002004,1.03E-01
1003,,0.00002006,8.12E-02
1004,,0.00002008,1.13E-01
1005,,0.0000201,7.96E-02
1006,,0.00002012,1.12E-01
1007,,0.00002014,6.74E-02
1008,,0.00002016,1.04E-01
1009,,0.00002018,7.96E-02
1010,,0.0000202,1.07E-01
1011,,0.00002022,7.96E-02
1012,,0.00002024,1.10E-01
1013,,0.00002026,8.12E-02
1014,,0.00002028,1.12E-01
1015,,0.0000203,7.66E-02
1016,,0.00002032,1.03E-01
1017,,0.00002034,8.27E-02
1018,,0.00002036,1.29E-01
1019,,0.00002038,7.96E-02
1020,,0.0000204,1.21E-01
1021,,0.00002042,7.50E-02
1022,,0.00002044,1.19E-01
1023,,0.00002046,7.96E-02
1024,,0.00002048,1.01E-01
1025,,0.0000205,8.58E-02
1026,,0.00002052,1.03E-01
1027,,0.00002054,8.58E-02
1028,,0.00002056,1.21E-01
1029,,0.00002058,8.12E-02
1030,,0.0000206,1.19E-01
1031,,0.00002062,7.35E-02
1032,,0.00002064,1.13E-01
1033,,0.00002066,8.27E-02
1034,,0.00002068,1.09E-01
1035,,0.0000207,7.66E-02
1036,,0.00002072,1.03E-01
1037,,0.00002074,8.12E-02
1038,,0.00002076,1.01E-01
1039,,0.00002078,8.12E-02
1040,,0.0000208,1.03E-01
1041,,0.00002082,7.50E-02
1042,,0.00002084,1.09E-01
1043,,0.00002086,8.12E-02
1044,,0.00002088,1.06E-01
1045,,0.0000209,8.58E-02
1046,,0.00002092,1.06E-01
1047,,0.00002094,8.12E-02
1048,,0.00002096,1.06E-01
1049,,0.00002098,8.42E-02
1050,,0.000021,1.07E-01
1051,,0.00002102,8.42E-02
1052,,0.00002104,1.03E-01
1053,,0.00002106,6.58E-02
1054,,0.00002108,1.07E-01
1055,,0.0000211,7.96E-02
1056,,0.00002112,1.04E-01
1057,,0.00002114,7.50E-02
1058,,0.00002116,1.04E-01
1059,,0.00002118,8.88E-02
1060,,0.0000212,1.10E-01
1061,,0.00002122,7.81E-02
1062,,0.00002124,1.10E-01
1063,,0.00002126,8.88E-02
1064,,0.00002128,1.07E-01
1065,,0.0000213,7.96E-02
1066,,0.00002132,1.09E-01
1067,,0.00002134,8.12E-02
1068,,0.00002136,1.10E-01
1069,,0.00002138,7.50E-02
1070,,0.0000214,1.10E-01
1071,,0.00002142,8.12E-02
1072,,0.00002144,1.10E-01
1073,,0.00002146,8.27E-02
1074,,0.00002148,1.13E-01
1075,,0.0000215,7.04E-02
1076,,0.00002152,1.09E-01
1077,,0.00002154,7.35E-02
1078,,0.00002156,1.07E-01
1079,,0.00002158,8.42E-02
1080,,0.0000216,1.06E-01
1081,,0.00002162,7.96E-02
1082,,0.00002164,1.04E-01
1083,,0.00002166,7.66E-02
1084,,0.00002168,1.12E-01
1085,,0.0000217,8.12E-02
1086,,0.00002172,1.10E-01
1087,,0.00002174,8.73E-02
1088,,0.00002176,1.07E-01
1089,,0.00002178,8.73E-02
1090,,0.0000218,1.10E-01
1091,,0.00002182,7.66E-02
1092,,0.00002184,1.15E-01
1093,,0.00002186,8.12E-02
1094,,0.00002188,1.04E-01
1095,,0.0000219,8.58E-02
1096,,0.00002192,1.24E-01
1097,,0.00002194,8.27E-02
1098,,0.00002196,9.95E-02
1099,,0.00002198,7.04E-02
1100,,0.000022,1.04E-01
1101,,0.00002202,7.81E-02
1102,,0.00002204,1.10E-01
1103,,0.00002206,8.27E-02
1104,,0.00002208,1.09E-01
1105,,0.0000221,8.58E-02
1106,,0.00002212,1.10E-01
1107,,0.00002214,7.50E-02
1108,,0.00002216,1.03E-01
1109,,0.00002218,8.58E-02
1110,,0.0000222,1.18E-01
1111,,0.00002222,8.42E-02
1112,,0.00002224,1.12E-01
1113,,0.00002226,8.42E-02
1114,,0.00002228,1.10E-01
1115,,0.0000223,7.50E-02
1116,,0.00002232,1.19E-01
1117,,0.00002234,8.73E-02
1118,,0.00002236,1.10E-01
1119,,0.00002238,7.96E-02
1120,,0.0000224,1.07E-01
1121,,0.00002242,8.42E-02
1122,,0.00002244,1.13E-01
1123,,0.00002246,8.27E-02
1124,,0.00002248,1.03E-01
1125,,0.0000225,7.66E-02
1126,,0.00002252,9.65E-02
1127,,0.00002254,8.12E-02
1128,,0.00002256,1.06E-01
1129,,0.00002258,7.81E-02
1130,,0.0000226,1.04E-01
1131,,0.00002262,8.27E-02
1132,,0.00002264,1.15E-01
1133,,0.00002266,7.35E-02
1134,,0.00002268,1.07E-01
1135,,0.0000227,7.96E-02
1136,,0.00002272,1.04E-01
1137,,0.00002274,7.66E-02
1138,,0.00002276,1.19E-01
1139,,0.00002278,7.50E-02
1140,,0.0000228,1.18E-01
1141,,0.00002282,8.12E-02
1142,,0.00002284,1.07E-01
1143,,0.00002286,7.96E-02
1144,,0.00002288,1.13E-01
1145,,0.0000229,7.50E-02
1146,,0.00002292,1.12E-01
1147,,0.00002294,7.81E-02
1148,,0.00002296,1.16E-01
1149,,0.00002298,8.12E-02
1150,,0.000023,1.06E-01
1151,,0.00002302,7.96E-02
1152,,0.00002304,1.09E-01
1153,,0.00002306,7.96E-02
1154,,0.00002308,1.03E-01
1155,,0.0000231,8.73E-02
1156,,0.00002312,1.06E-01
1157,,0.00002314,8.73E-02
1158,,0.00002316,1.13E-01
1159,,0.00002318,8.42E-02
1160,,0.0000232,1.06E-01
1161,,0.00002322,8.27E-02
1162,,0.00002324,1.15E-01
1163,,0.00002326,7.96E-02
1164,,0.00002328,1.07E-01
1165,,0.0000233,7.81E-02
1166,,0.00002332,1.09E-01
1167,,0.00002334,7.35E-02
1168,,0.00002336,1.03E-01
1169,,0.00002338,7.81E-02
1170,,0.0000234,1.07E-01
1171,,0.00002342,7.81E-02
1172,,0.00002344,1.09E-01
1173,,0.00002346,7.66E-02
1174,,0.00002348,1.04E-01
1175,,0.0000235,8.27E-02
1176,,0.00002352,1.13E-01
1177,,0.00002354,8.42E-02
1178,,0.00002356,1.12E-01
1179,,0.00002358,8.42E-02
1180,,0.0000236,1.04E-01
1181,,0.00002362,8.12E-02
1182,,0.00002364,1.18E-01
1183,,0.00002366,7.81E-02
1184,,0.00002368,1.01E-01
1185,,0.0000237,7.96E-02
1186,,0.00002372,1.09E-01
1187,,0.00002374,7.96E-02
1188,,0.00002376,1.10E-01
1189,,0.00002378,8.42E-02
1190,,0.0000238,9.80E-02
1191,,0.00002382,6.74E-02
1192,,0.00002384,1.03E-01
1193,,0.00002386,7.50E-02
1194,,0.00002388,9.49E-02
1195,,0.0000239,7.20E-02
1196,,0.00002392,1.07E-01
1197,,0.00002394,8.42E-02
1198,,0.00002396,1.13E-01
1199,,0.00002398,8.27E-02
1200,,0.000024,1.09E-01
1201,,0.00002402,8.42E-02
1202,,0.00002404,1.07E-01
1203,,0.00002406,8.12E-02
1204,,0.00002408,1.06E-01
1205,,0.0000241,8.27E-02
1206,,0.00002412,1.06E-01
1207,,0.00002414,7.96E-02
1208,,0.00002416,1.13E-01
1209,,0.00002418,7.66E-02
1210,,0.0000242,1.10E-01
1211,,0.00002422,8.12E-02
1212,,0.00002424,1.10E-01
1213,,0.00002426,7.35E-02
1214,,0.00002428,1.07E-01
1215,,0.0000243,8.27E-02
1216,,0.00002432,1.10E-01
1217,,0.00002434,7.35E-02
1218,,0.00002436,1.15E-01
1219,,0.00002438,8.88E-02
1220,,0.0000244,1.03E-01
1221,,0.00002442,8.42E-02
1222,,0.00002444,1.03E-01
1223,,0.00002446,7.96E-02
1224,,0.00002448,1.19E-01
1225,,0.0000245,7.96E-02
1226,,0.00002452,1.12E-01
1227,,0.00002454,7.81E-02
1228,,0.00002456,1.10E-01
1229,,0.00002458,7.66E-02
1230,,0.0000246,1.04E-01
1231,,0.00002462,7.96E-02
1232,,0.00002464,1.01E-01
1233,,0.00002466,8.12E-02
1234,,0.00002468,1.09E-01
1235,,0.0000247,7.66E-02
1236,,0.00002472,1.09E-01
1237,,0.00002474,9.03E-02
1238,,0.00002476,1.12E-01
1239,,0.00002478,8.12E-02
1240,,0.0000248,1.09E-01
1241,,0.00002482,8.12E-02
1242,,0.00002484,1.06E-01
1243,,0.00002486,7.81E-02
1244,,0.00002488,1.06E-01
1245,,0.0000249,8.42E-02
1246,,0.00002492,1.06E-01
1247,,0.00002494,8.88E-02
1248,,0.00002496,1.13E-01
1249,,0.00002498,8.12E-02
1250,,0.000025,1.07E-01
1251,,0.00002502,7.50E-02
1252,,0.00002504,1.03E-01
1253,,0.00002506,8.58E-02
1254,,0.00002508,1.06E-01
1255,,0.0000251,7.35E-02
1256,,0.00002512,1.15E-01
1257,,0.00002514,9.34E-02
1258,,0.00002516,1.07E-01
1259,,0.00002518,8.12E-02
1260,,0.0000252,1.18E-01
1261,,0.00002522,8.42E-02
1262,,0.00002524,1.10E-01
1263,,0.00002526,7.96E-02
1264,,0.00002528,1.07E-01
1265,,0.0000253,7.04E-02
1266,,0.00002532,1.12E-01
1267,,0.00002534,8.12E-02
1268,,0.00002536,1.12E-01
1269,,0.00002538,8.58E-02
1270,,0.0000254,1.03E-01
1271,,0.00002542,7.66E-02
1272,,0.00002544,1.18E-01
1273,,0.00002546,7.50E-02
1274,,0.00002548,1.10E-01
1275,,0.0000255,8.12E-02
1276,,0.00002552,1.15E-01
1277,,0.00002554,7.96E-02
1278,,0.00002556,1.13E-01
1279,,0.00002558,8.58E-02
1280,,0.0000256,1.10E-01
1281,,0.00002562,9.03E-02
1282,,0.00002564,1.04E-01
1283,,0.00002566,8.12E-02
1284,,0.00002568,9.49E-02
1285,,0.0000257,6.74E-02
1286,,0.00002572,1.18E-01
1287,,0.00002574,7.66E-02
1288,,0.00002576,1.10E-01
1289,,0.00002578,6.43E-02
1290,,0.0000258,1.03E-01
1291,,0.00002582,8.58E-02
1292,,0.00002584,1.06E-01
1293,,0.00002586,7.35E-02
1294,,0.00002588,1.07E-01
1295,,0.0000259,8.12E-02
1296,,0.00002592,1.09E-01
1297,,0.00002594,8.27E-02
1298,,0.00002596,1.19E-01
1299,,0.00002598,7.96E-02
1300,,0.000026,1.19E-01
1301,,0.00002602,7.81E-02
1302,,0.00002604,1.15E-01
1303,,0.00002606,7.66E-02
1304,,0.00002608,1.07E-01
1305,,0.0000261,8.12E-02
1306,,0.00002612,1.16E-01
1307,,0.00002614,8.12E-02
1308,,0.00002616,1.12E-01
1309,,0.00002618,7.50E-02
1310,,0.0000262,1.09E-01
1311,,0.00002622,7.96E-02
1312,,0.00002624,1.03E-01
1313,,0.00002626,7.50E-02
1314,,0.00002628,1.04E-01
1315,,0.0000263,7.81E-02
1316,,0.00002632,1.04E-01
1317,,0.00002634,7.66E-02
1318,,0.00002636,1.07E-01
1319,,0.00002638,8.27E-02
1320,,0.0000264,1.10E-01
1321,,0.00002642,8.27E-02
1322,,0.00002644,1.07E-01
1323,,0.00002646,8.12E-02
1324,,0.00002648,1.06E-01
1325,,0.0000265,8.27E-02
1326,,0.00002652,1.12E-01
1327,,0.00002654,8.12E-02
1328,,0.00002656,1.21E-01
1329,,0.00002658,7.96E-02
1330,,0.0000266,1.09E-01
1331,,0.00002662,8.12E-02
1332,,0.00002664,1.04E-01
1333,,0.00002666,7.50E-02
1334,,0.00002668,1.07E-01
1335,,0.0000267,7.81E-02
1336,,0.00002672,1.06E-01
1337,,0.00002674,8.88E-02
1338,,0.00002676,1.07E-01
1339,,0.00002678,8.42E-02
1340,,0.0000268,1.06E-01
1341,,0.00002682,8.73E-02
1342,,0.00002684,1.04E-01
1343,,0.00002686,8.12E-02
1344,,0.00002688,1.04E-01
1345,,0.0000269,8.27E-02
1346,,0.00002692,1.01E-01
1347,,0.00002694,7.96E-02
1348,,0.00002696,1.03E-01
1349,,0.00002698,8.58E-02
1350,,0.000027,1.09E-01
1351,,0.00002702,8.27E-02
1352,,0.00002704,1.15E-01
1353,,0.00002706,8.12E-02
1354,,0.00002708,1.29E-01
1355,,0.0000271,8.27E-02
1356,,0.00002712,1.15E-01
1357,,0.00002714,7.81E-02
1358,,0.00002716,1.24E-01
1359,,0.00002718,7.35E-02
1360,,0.0000272,1.26E-01
1361,,0.00002722,7.81E-02
1362,,0.00002724,1.09E-01
1363,,0.00002726,7.81E-02
1364,,0.00002728,1.16E-01
1365,,0.0000273,7.81E-02
1366,,0.00002732,1.15E-01
1367,,0.00002734,8.58E-02
1368,,0.00002736,1.07E-01
1369,,0.00002738,8.27E-02
1370,,0.0000274,1.09E-01
1371,,0.00002742,8.42E-02
1372,,0.00002744,1.09E-01
1373,,0.00002746,7.66E-02
1374,,0.00002748,1.03E-01
1375,,0.0000275,8.12E-02
1376,,0.00002752,1.04E-01
1377,,0.00002754,8.27E-02
1378,,0.00002756,1.04E-01
1379,,0.00002758,7.96E-02
1380,,0.0000276,1.06E-01
1381,,0.00002762,8.42E-02
1382,,0.00002764,1.07E-01
1383,,0.00002766,8.58E-02
1384,,0.00002768,1.12E-01
1385,,0.0000277,8.73E-02
1386,,0.00002772,1.12E-01
1387,,0.00002774,7.81E-02
1388,,0.00002776,1.13E-01
1389,,0.00002778,8.42E-02
1390,,0.0000278,1.03E-01
1391,,0.00002782,7.50E-02
1392,,0.00002784,1.13E-01
1393,,0.00002786,7.81E-02
1394,,0.00002788,1.10E-01
1395,,0.0000279,7.81E-02
1396,,0.00002792,1.10E-01
1397,,0.00002794,7.96E-02
1398,,0.00002796,1.10E-01
1399,,0.00002798,8.73E-02
