X,CH1,Start,Increment,
Sequence,Volt,-1.400000e-07,2.000000e-10,
0,1.406250e-01,
1,1.468750e-01,
2,1.562500e-01,
3,1.656250e-01,
4,1.750000e-01,
5,1.843750e-01,
6,1.906250e-01,
7,2.000000e-01,
8,2.093750e-01,
9,2.218750e-01,
10,2.281250e-01,
11,2.375000e-01,
12,2.437500e-01,
13,2.500000e-01,
14,2.593750e-01,
15,2.687500e-01,
16,2.750000e-01,
17,2.843750e-01,
18,2.906250e-01,
19,2.968750e-01,
20,3.000000e-01,
21,3.062500e-01,
22,3.093750e-01,
23,3.125000e-01,
24,3.156250e-01,
25,3.187500e-01,
26,3.187500e-01,
27,3.218750e-01,
28,3.218750e-01,
29,3.218750e-01,
30,3.187500e-01,
31,3.218750e-01,
32,3.156250e-01,
33,3.125000e-01,
34,3.093750e-01,
35,3.062500e-01,
36,3.031250e-01,
37,2.937500e-01,
38,2.906250e-01,
39,2.875000e-01,
40,2.781250e-01,
41,2.718750e-01,
42,2.625000e-01,
43,2.562500e-01,
44,2.500000e-01,
45,2.437500e-01,
46,2.312500e-01,
47,2.250000e-01,
48,2.156250e-01,
49,2.093750e-01,
50,2.000000e-01,
51,1.906250e-01,
52,1.812500e-01,
53,1.750000e-01,
54,1.656250e-01,
55,1.593750e-01,
56,1.500000e-01,
57,1.437500e-01,
58,1.343750e-01,
59,1.281250e-01,
60,1.187500e-01,
61,1.125000e-01,
62,1.031250e-01,
63,1.000000e-01,
64,9.375000e-02,
65,9.062500e-02,
66,8.125000e-02,
67,7.812500e-02,
68,7.500000e-02,
69,6.875000e-02,
70,6.562500e-02,
71,6.250000e-02,
72,5.625000e-02,
73,5.625000e-02,
74,5.625000e-02,
75,5.625000e-02,
76,5.625000e-02,
77,5.625000e-02,
78,5.625000e-02,
79,5.937500e-02,
80,6.250000e-02,
81,5.937500e-02,
82,6.250000e-02,
83,6.875000e-02,
84,7.187500e-02,
85,7.500000e-02,
86,7.500000e-02,
87,8.125000e-02,
88,9.062500e-02,
89,9.375000e-02,
90,9.687500e-02,
91,1.062500e-01,
92,1.125000e-01,
93,1.156250e-01,
94,1.218750e-01,
95,1.312500e-01,
96,1.375000e-01,
97,1.468750e-01,
98,1.531250e-01,
99,1.593750e-01,
100,1.687500e-01,
101,1.781250e-01,
102,1.812500e-01,
103,1.906250e-01,
104,2.000000e-01,
105,2.062500e-01,
106,2.125000e-01,
107,2.187500e-01,
108,2.281250e-01,
109,2.343750e-01,
110,2.406250e-01,
111,2.468750e-01,
112,2.500000e-01,
113,2.625000e-01,
114,2.656250e-01,
115,2.718750e-01,
116,2.750000e-01,
117,2.812500e-01,
118,2.843750e-01,
119,2.875000e-01,
120,2.875000e-01,
121,2.937500e-01,
122,2.968750e-01,
123,3.000000e-01,
124,3.000000e-01,
125,3.000000e-01,
126,3.031250e-01,
127,3.062500e-01,
128,3.031250e-01,
129,3.031250e-01,
130,3.031250e-01,
131,3.000000e-01,
132,3.000000e-01,
133,2.937500e-01,
134,2.906250e-01,
135,2.875000e-01,
136,2.843750e-01,
137,2.812500e-01,
138,2.781250e-01,
139,2.718750e-01,
140,2.656250e-01,
141,2.593750e-01,
142,2.531250e-01,
143,2.468750e-01,
144,2.406250e-01,
145,2.343750e-01,
146,2.250000e-01,
147,2.187500e-01,
148,2.125000e-01,
149,2.031250e-01,
150,1.968750e-01,
151,1.875000e-01,
152,1.812500e-01,
153,1.750000e-01,
154,1.656250e-01,
155,1.593750e-01,
156,1.531250e-01,
157,1.437500e-01,
158,1.343750e-01,
159,1.281250e-01,
160,1.218750e-01,
161,1.125000e-01,
162,1.062500e-01,
163,1.000000e-01,
164,9.375000e-02,
165,8.437500e-02,
166,8.125000e-02,
167,7.500000e-02,
168,6.875000e-02,
169,6.250000e-02,
170,6.250000e-02,
171,5.937500e-02,
172,5.625000e-02,
173,5.312500e-02,
174,5.312500e-02,
175,5.000000e-02,
176,5.000000e-02,
177,4.687500e-02,
178,4.687500e-02,
179,5.312500e-02,
180,5.312500e-02,
181,5.312500e-02,
182,5.625000e-02,
183,6.250000e-02,
184,6.250000e-02,
185,6.562500e-02,
186,6.875000e-02,
187,7.187500e-02,
188,8.125000e-02,
189,8.125000e-02,
190,8.750000e-02,
191,9.375000e-02,
192,1.000000e-01,
193,1.062500e-01,
194,1.125000e-01,
195,1.187500e-01,
196,1.281250e-01,
197,1.343750e-01,
198,1.406250e-01,
199,1.500000e-01,
200,1.562500e-01,
201,1.625000e-01,
202,1.687500e-01,
203,1.781250e-01,
204,1.875000e-01,
205,1.937500e-01,
206,2.000000e-01,
207,2.062500e-01,
208,2.156250e-01,
209,2.218750e-01,
210,2.250000e-01,
211,2.343750e-01,
212,2.437500e-01,
213,2.500000e-01,
214,2.562500e-01,
215,2.593750e-01,
216,2.656250e-01,
217,2.718750e-01,
218,2.718750e-01,
219,2.781250e-01,
220,2.843750e-01,
221,2.875000e-01,
222,2.906250e-01,
223,2.968750e-01,
224,2.968750e-01,
225,3.000000e-01,
226,3.000000e-01,
227,3.000000e-01,
228,3.000000e-01,
229,3.000000e-01,
230,3.031250e-01,
231,3.000000e-01,
232,2.937500e-01,
233,2.968750e-01,
234,2.906250e-01,
235,2.906250e-01,
236,2.843750e-01,
237,2.843750e-01,
238,2.812500e-01,
239,2.750000e-01,
240,2.687500e-01,
241,2.656250e-01,
242,2.562500e-01,
243,2.468750e-01,
244,2.406250e-01,
245,2.343750e-01,
246,2.250000e-01,
247,2.187500e-01,
248,2.125000e-01,
249,2.031250e-01,
250,1.937500e-01,
251,1.843750e-01,
252,1.750000e-01,
253,1.687500e-01,
254,1.562500e-01,
255,1.531250e-01,
256,1.406250e-01,
257,1.312500e-01,
258,1.218750e-01,
259,1.187500e-01,
260,1.093750e-01,
261,1.000000e-01,
262,9.375000e-02,
263,9.062500e-02,
264,8.125000e-02,
265,7.812500e-02,
266,6.875000e-02,
267,6.562500e-02,
268,6.250000e-02,
269,5.625000e-02,
270,5.312500e-02,
271,5.312500e-02,
272,4.687500e-02,
273,4.687500e-02,
274,4.687500e-02,
275,4.375000e-02,
276,4.375000e-02,
277,4.375000e-02,
278,4.687500e-02,
279,4.375000e-02,
280,4.687500e-02,
281,5.000000e-02,
282,5.000000e-02,
283,5.625000e-02,
284,5.937500e-02,
285,6.562500e-02,
286,6.875000e-02,
287,7.187500e-02,
288,7.812500e-02,
289,8.125000e-02,
290,8.437500e-02,
291,9.687500e-02,
292,1.000000e-01,
293,1.062500e-01,
294,1.156250e-01,
295,1.218750e-01,
296,1.281250e-01,
297,1.375000e-01,
298,1.437500e-01,
299,1.531250e-01,
300,1.562500e-01,
301,1.656250e-01,
302,1.718750e-01,
303,1.812500e-01,
304,1.906250e-01,
305,1.968750e-01,
306,2.031250e-01,
307,2.125000e-01,
308,2.187500e-01,
309,2.250000e-01,
310,2.312500e-01,
311,2.406250e-01,
312,2.468750e-01,
313,2.531250e-01,
314,2.593750e-01,
315,2.656250e-01,
316,2.687500e-01,
317,2.750000e-01,
318,2.781250e-01,
319,2.781250e-01,
320,2.812500e-01,
321,2.875000e-01,
322,2.906250e-01,
323,2.937500e-01,
324,2.937500e-01,
325,2.937500e-01,
326,2.937500e-01,
327,2.968750e-01,
328,2.937500e-01,
329,2.968750e-01,
330,2.968750e-01,
331,2.968750e-01,
332,2.906250e-01,
333,2.906250e-01,
334,2.875000e-01,
335,2.843750e-01,
336,2.781250e-01,
337,2.750000e-01,
338,2.687500e-01,
339,2.656250e-01,
340,2.593750e-01,
341,2.531250e-01,
342,2.468750e-01,
343,2.406250e-01,
344,2.343750e-01,
345,2.281250e-01,
346,2.187500e-01,
347,2.125000e-01,
348,2.031250e-01,
349,1.968750e-01,
350,1.875000e-01,
351,1.843750e-01,
352,1.750000e-01,
353,1.687500e-01,
354,1.562500e-01,
355,1.531250e-01,
356,1.437500e-01,
357,1.343750e-01,
358,1.281250e-01,
359,1.218750e-01,
360,1.156250e-01,
361,1.093750e-01,
362,1.000000e-01,
363,9.687500e-02,
364,8.750000e-02,
365,8.125000e-02,
366,7.812500e-02,
367,7.500000e-02,
368,7.187500e-02,
369,6.562500e-02,
370,6.250000e-02,
371,5.937500e-02,
372,5.625000e-02,
373,5.312500e-02,
374,5.312500e-02,
375,5.312500e-02,
376,5.312500e-02,
377,5.000000e-02,
378,5.312500e-02,
379,5.625000e-02,
380,5.625000e-02,
381,5.625000e-02,
382,5.937500e-02,
383,6.562500e-02,
384,6.875000e-02,
385,7.187500e-02,
386,7.500000e-02,
387,8.125000e-02,
388,8.750000e-02,
389,9.375000e-02,
390,1.000000e-01,
391,1.062500e-01,
392,1.125000e-01,
393,1.218750e-01,
394,1.250000e-01,
395,1.343750e-01,
396,1.406250e-01,
397,1.500000e-01,
398,1.593750e-01,
399,1.687500e-01,
400,1.781250e-01,
401,1.843750e-01,
402,1.906250e-01,
403,2.000000e-01,
404,2.062500e-01,
405,2.156250e-01,
406,2.250000e-01,
407,2.312500e-01,
408,2.375000e-01,
409,2.437500e-01,
410,2.500000e-01,
411,2.593750e-01,
412,2.625000e-01,
413,2.687500e-01,
414,2.750000e-01,
415,2.812500e-01,
416,2.812500e-01,
417,2.875000e-01,
418,2.906250e-01,
419,2.937500e-01,
420,2.968750e-01,
421,2.968750e-01,
422,2.968750e-01,
423,3.000000e-01,
424,3.000000e-01,
425,2.968750e-01,
426,2.968750e-01,
427,2.968750e-01,
428,2.968750e-01,
429,2.937500e-01,
430,2.906250e-01,
431,2.843750e-01,
432,2.812500e-01,
433,2.781250e-01,
434,2.750000e-01,
435,2.687500e-01,
436,2.625000e-01,
437,2.562500e-01,
438,2.468750e-01,
439,2.437500e-01,
440,2.343750e-01,
441,2.312500e-01,
442,2.218750e-01,
443,2.187500e-01,
444,2.093750e-01,
445,2.000000e-01,
446,1.906250e-01,
447,1.843750e-01,
448,1.781250e-01,
449,1.718750e-01,
450,1.593750e-01,
451,1.531250e-01,
452,1.500000e-01,
453,1.375000e-01,
454,1.312500e-01,
455,1.250000e-01,
456,1.187500e-01,
457,1.093750e-01,
458,1.062500e-01,
459,9.687500e-02,
460,9.062500e-02,
461,8.125000e-02,
462,7.812500e-02,
463,7.500000e-02,
464,6.562500e-02,
465,5.937500e-02,
466,5.312500e-02,
467,5.312500e-02,
468,5.000000e-02,
469,4.375000e-02,
470,4.375000e-02,
471,4.375000e-02,
472,4.062500e-02,
473,3.750000e-02,
474,3.750000e-02,
475,3.750000e-02,
476,3.750000e-02,
477,3.437500e-02,
478,3.437500e-02,
479,4.062500e-02,
480,4.062500e-02,
481,4.375000e-02,
482,4.687500e-02,
483,5.312500e-02,
484,5.625000e-02,
485,5.937500e-02,
486,6.562500e-02,
487,7.187500e-02,
488,7.500000e-02,
489,8.125000e-02,
490,8.750000e-02,
491,9.687500e-02,
492,1.000000e-01,
493,1.093750e-01,
494,1.156250e-01,
495,1.250000e-01,
496,1.312500e-01,
497,1.437500e-01,
498,1.500000e-01,
499,1.562500e-01,
500,1.656250e-01,
501,1.718750e-01,
502,1.781250e-01,
503,1.875000e-01,
504,1.937500e-01,
505,2.031250e-01,
506,2.093750e-01,
507,2.187500e-01,
508,2.281250e-01,
509,2.343750e-01,
510,2.375000e-01,
511,2.468750e-01,
512,2.531250e-01,
513,2.593750e-01,
514,2.656250e-01,
515,2.718750e-01,
516,2.750000e-01,
517,2.812500e-01,
518,2.843750e-01,
519,2.906250e-01,
520,2.906250e-01,
521,2.937500e-01,
522,2.968750e-01,
523,3.000000e-01,
524,3.000000e-01,
525,3.000000e-01,
526,3.000000e-01,
527,3.000000e-01,
528,2.968750e-01,
529,2.968750e-01,
530,2.968750e-01,
531,2.906250e-01,
532,2.906250e-01,
533,2.843750e-01,
534,2.781250e-01,
535,2.750000e-01,
536,2.687500e-01,
537,2.656250e-01,
538,2.593750e-01,
539,2.531250e-01,
540,2.468750e-01,
541,2.406250e-01,
542,2.343750e-01,
543,2.281250e-01,
544,2.187500e-01,
545,2.125000e-01,
546,2.031250e-01,
547,2.000000e-01,
548,1.906250e-01,
549,1.812500e-01,
550,1.750000e-01,
551,1.656250e-01,
552,1.562500e-01,
553,1.500000e-01,
554,1.406250e-01,
555,1.375000e-01,
556,1.281250e-01,
557,1.187500e-01,
558,1.125000e-01,
559,1.093750e-01,
560,1.000000e-01,
561,9.687500e-02,
562,8.750000e-02,
563,8.437500e-02,
564,7.812500e-02,
565,6.875000e-02,
566,6.875000e-02,
567,6.562500e-02,
568,6.250000e-02,
569,5.937500e-02,
570,5.625000e-02,
571,5.625000e-02,
572,5.312500e-02,
573,5.000000e-02,
574,5.000000e-02,
575,5.000000e-02,
576,5.000000e-02,
577,4.687500e-02,
578,5.312500e-02,
579,5.625000e-02,
580,5.625000e-02,
581,5.625000e-02,
582,5.937500e-02,
583,6.875000e-02,
584,6.875000e-02,
585,7.187500e-02,
586,8.125000e-02,
587,8.750000e-02,
588,9.062500e-02,
589,9.687500e-02,
590,1.031250e-01,
591,1.125000e-01,
592,1.187500e-01,
593,1.250000e-01,
594,1.312500e-01,
595,1.406250e-01,
596,1.500000e-01,
597,1.593750e-01,
598,1.625000e-01,
599,1.687500e-01,
600,1.750000e-01,
601,1.875000e-01,
602,1.937500e-01,
603,2.031250e-01,
604,2.093750e-01,
605,2.187500e-01,
606,2.250000e-01,
607,2.343750e-01,
608,2.375000e-01,
609,2.468750e-01,
610,2.531250e-01,
611,2.593750e-01,
612,2.687500e-01,
613,2.750000e-01,
614,2.812500e-01,
615,2.875000e-01,
616,2.906250e-01,
617,2.968750e-01,
618,3.031250e-01,
619,3.062500e-01,
620,3.093750e-01,
621,3.125000e-01,
622,3.156250e-01,
623,3.156250e-01,
624,3.156250e-01,
625,3.187500e-01,
626,3.187500e-01,
627,3.218750e-01,
628,3.187500e-01,
629,3.187500e-01,
630,3.156250e-01,
631,3.156250e-01,
632,3.093750e-01,
633,3.062500e-01,
634,3.000000e-01,
635,3.000000e-01,
636,2.937500e-01,
637,2.906250e-01,
638,2.812500e-01,
639,2.750000e-01,
640,2.656250e-01,
641,2.625000e-01,
642,2.531250e-01,
643,2.468750e-01,
644,2.375000e-01,
645,2.312500e-01,
646,2.218750e-01,
647,2.125000e-01,
648,2.031250e-01,
649,1.968750e-01,
650,1.843750e-01,
651,1.781250e-01,
652,1.656250e-01,
653,1.562500e-01,
654,1.468750e-01,
655,1.406250e-01,
656,1.312500e-01,
657,1.218750e-01,
658,1.125000e-01,
659,1.062500e-01,
660,9.687500e-02,
661,8.750000e-02,
662,8.125000e-02,
663,7.500000e-02,
664,6.875000e-02,
665,6.562500e-02,
666,5.625000e-02,
667,5.312500e-02,
668,5.000000e-02,
669,4.375000e-02,
670,4.062500e-02,
671,4.062500e-02,
672,3.437500e-02,
673,3.125000e-02,
674,3.125000e-02,
675,3.437500e-02,
676,3.125000e-02,
677,3.125000e-02,
678,3.125000e-02,
679,3.750000e-02,
680,3.750000e-02,
681,3.750000e-02,
682,4.062500e-02,
683,4.687500e-02,
684,5.000000e-02,
685,5.312500e-02,
686,6.250000e-02,
687,6.562500e-02,
688,7.500000e-02,
689,8.125000e-02,
690,8.750000e-02,
691,9.375000e-02,
692,1.031250e-01,
693,1.156250e-01,
694,1.187500e-01,
695,1.281250e-01,
696,1.375000e-01,
697,1.468750e-01,
698,1.562500e-01,
699,1.656250e-01,
700,1.750000e-01,
701,1.875000e-01,
702,1.937500e-01,
703,2.031250e-01,
704,2.093750e-01,
705,2.187500e-01,
706,2.281250e-01,
707,2.375000e-01,
708,2.437500e-01,
709,2.500000e-01,
710,2.593750e-01,
711,2.687500e-01,
712,2.718750e-01,
713,2.812500e-01,
714,2.843750e-01,
715,2.875000e-01,
716,2.968750e-01,
717,3.031250e-01,
718,3.062500e-01,
719,3.093750e-01,
720,3.093750e-01,
721,3.125000e-01,
722,3.156250e-01,
723,3.187500e-01,
724,3.187500e-01,
725,3.187500e-01,
726,3.218750e-01,
727,3.187500e-01,
728,3.218750e-01,
729,3.187500e-01,
730,3.187500e-01,
731,3.156250e-01,
732,3.125000e-01,
733,3.062500e-01,
734,3.031250e-01,
735,3.000000e-01,
736,2.968750e-01,
737,2.906250e-01,
738,2.875000e-01,
739,2.812500e-01,
740,2.750000e-01,
741,2.656250e-01,
742,2.593750e-01,
743,2.531250e-01,
744,2.437500e-01,
745,2.375000e-01,
746,2.281250e-01,
747,2.187500e-01,
748,2.156250e-01,
749,2.031250e-01,
750,1.937500e-01,
751,1.875000e-01,
752,1.781250e-01,
753,1.718750e-01,
754,1.625000e-01,
755,1.531250e-01,
756,1.437500e-01,
757,1.375000e-01,
758,1.281250e-01,
759,1.250000e-01,
760,1.156250e-01,
761,1.062500e-01,
762,1.000000e-01,
763,9.687500e-02,
764,8.750000e-02,
765,8.437500e-02,
766,7.500000e-02,
767,7.187500e-02,
768,6.875000e-02,
769,6.562500e-02,
770,5.937500e-02,
771,5.625000e-02,
772,5.625000e-02,
773,5.312500e-02,
774,5.312500e-02,
775,5.312500e-02,
776,5.312500e-02,
777,5.000000e-02,
778,5.312500e-02,
779,5.625000e-02,
780,5.937500e-02,
781,5.625000e-02,
782,5.937500e-02,
783,6.562500e-02,
784,6.875000e-02,
785,7.187500e-02,
786,7.500000e-02,
787,8.437500e-02,
788,8.750000e-02,
789,9.062500e-02,
790,9.687500e-02,
791,1.062500e-01,
792,1.093750e-01,
793,1.156250e-01,
794,1.218750e-01,
795,1.312500e-01,
796,1.375000e-01,
797,1.468750e-01,
798,1.531250e-01,
799,1.593750e-01,
800,1.687500e-01,
801,1.750000e-01,
802,1.812500e-01,
803,1.843750e-01,
804,1.968750e-01,
805,2.031250e-01,
806,2.093750e-01,
807,2.125000e-01,
808,2.218750e-01,
809,2.312500e-01,
810,2.375000e-01,
811,2.437500e-01,
812,2.468750e-01,
813,2.500000e-01,
814,2.531250e-01,
815,2.625000e-01,
816,2.625000e-01,
817,2.656250e-01,
818,2.718750e-01,
819,2.750000e-01,
820,2.750000e-01,
821,2.750000e-01,
822,2.781250e-01,
823,2.781250e-01,
824,2.781250e-01,
825,2.812500e-01,
826,2.781250e-01,
827,2.781250e-01,
828,2.750000e-01,
829,2.750000e-01,
830,2.718750e-01,
831,2.687500e-01,
832,2.656250e-01,
833,2.656250e-01,
834,2.625000e-01,
835,2.562500e-01,
836,2.531250e-01,
837,2.468750e-01,
838,2.406250e-01,
839,2.343750e-01,
840,2.312500e-01,
841,2.250000e-01,
842,2.156250e-01,
843,2.125000e-01,
844,2.031250e-01,
845,1.968750e-01,
846,1.875000e-01,
847,1.812500e-01,
848,1.718750e-01,
849,1.656250e-01,
850,1.562500e-01,
851,1.531250e-01,
852,1.468750e-01,
853,1.375000e-01,
854,1.312500e-01,
855,1.250000e-01,
856,1.156250e-01,
857,1.093750e-01,
858,1.031250e-01,
859,1.000000e-01,
860,9.375000e-02,
861,8.437500e-02,
862,7.812500e-02,
863,7.500000e-02,
864,7.187500e-02,
865,6.250000e-02,
866,5.937500e-02,
867,5.625000e-02,
868,5.312500e-02,
869,4.687500e-02,
870,5.000000e-02,
871,4.687500e-02,
872,4.375000e-02,
873,4.375000e-02,
874,4.375000e-02,
875,4.687500e-02,
876,4.687500e-02,
877,4.375000e-02,
878,4.687500e-02,
879,5.000000e-02,
880,5.000000e-02,
881,5.625000e-02,
882,5.625000e-02,
883,6.562500e-02,
884,6.875000e-02,
885,6.875000e-02,
886,7.500000e-02,
887,8.437500e-02,
888,8.750000e-02,
889,9.375000e-02,
890,9.687500e-02,
891,1.062500e-01,
892,1.156250e-01,
893,1.187500e-01,
894,1.250000e-01,
895,1.343750e-01,
896,1.406250e-01,
897,1.468750e-01,
898,1.562500e-01,
899,1.625000e-01,
900,1.687500e-01,
901,1.781250e-01,
902,1.812500e-01,
903,1.906250e-01,
904,1.968750e-01,
905,2.062500e-01,
906,2.093750e-01,
907,2.218750e-01,
908,2.281250e-01,
909,2.375000e-01,
910,2.437500e-01,
911,2.500000e-01,
912,2.531250e-01,
913,2.593750e-01,
914,2.687500e-01,
915,2.718750e-01,
916,2.750000e-01,
917,2.812500e-01,
918,2.875000e-01,
919,2.906250e-01,
920,2.937500e-01,
921,3.000000e-01,
922,3.000000e-01,
923,3.062500e-01,
924,3.062500e-01,
925,3.093750e-01,
926,3.125000e-01,
927,3.125000e-01,
928,3.125000e-01,
929,3.093750e-01,
930,3.125000e-01,
931,3.093750e-01,
932,3.062500e-01,
933,3.031250e-01,
934,3.000000e-01,
935,3.000000e-01,
936,2.937500e-01,
937,2.875000e-01,
938,2.843750e-01,
939,2.781250e-01,
940,2.718750e-01,
941,2.687500e-01,
942,2.625000e-01,
943,2.531250e-01,
944,2.437500e-01,
945,2.375000e-01,
946,2.281250e-01,
947,2.218750e-01,
948,2.125000e-01,
949,2.031250e-01,
950,1.937500e-01,
951,1.875000e-01,
952,1.781250e-01,
953,1.687500e-01,
954,1.562500e-01,
955,1.500000e-01,
956,1.406250e-01,
957,1.312500e-01,
958,1.250000e-01,
959,1.156250e-01,
960,1.093750e-01,
961,1.031250e-01,
962,9.062500e-02,
963,8.750000e-02,
964,8.125000e-02,
965,7.187500e-02,
966,6.875000e-02,
967,6.562500e-02,
968,5.937500e-02,
969,5.625000e-02,
970,5.000000e-02,
971,5.000000e-02,
972,4.687500e-02,
973,4.375000e-02,
974,4.375000e-02,
975,4.687500e-02,
976,4.375000e-02,
977,4.375000e-02,
978,4.375000e-02,
979,4.687500e-02,
980,5.000000e-02,
981,4.687500e-02,
982,5.000000e-02,
983,5.312500e-02,
984,5.937500e-02,
985,6.562500e-02,
986,6.875000e-02,
987,7.812500e-02,
988,8.437500e-02,
989,8.750000e-02,
990,9.375000e-02,
991,1.031250e-01,
992,1.093750e-01,
993,1.156250e-01,
994,1.250000e-01,
995,1.343750e-01,
996,1.437500e-01,
997,1.468750e-01,
998,1.562500e-01,
999,1.656250e-01,
1000,1.750000e-01,
1001,1.843750e-01,
1002,1.937500e-01,
1003,2.000000e-01,
1004,2.093750e-01,
1005,2.156250e-01,
1006,2.250000e-01,
1007,2.312500e-01,
1008,2.375000e-01,
1009,2.437500e-01,
1010,2.531250e-01,
1011,2.625000e-01,
1012,2.687500e-01,
1013,2.718750e-01,
1014,2.750000e-01,
1015,2.812500e-01,
1016,2.875000e-01,
1017,2.906250e-01,
1018,2.937500e-01,
1019,2.968750e-01,
1020,2.968750e-01,
1021,3.000000e-01,
1022,3.031250e-01,
1023,3.031250e-01,
1024,3.000000e-01,
1025,3.000000e-01,
1026,3.000000e-01,
1027,2.968750e-01,
1028,2.968750e-01,
1029,2.906250e-01,
1030,2.875000e-01,
1031,2.875000e-01,
1032,2.812500e-01,
1033,2.750000e-01,
1034,2.750000e-01,
1035,2.687500e-01,
1036,2.625000e-01,
1037,2.562500e-01,
1038,2.500000e-01,
1039,2.406250e-01,
1040,2.375000e-01,
1041,2.281250e-01,
1042,2.218750e-01,
1043,2.156250e-01,
1044,2.093750e-01,
1045,2.000000e-01,
1046,1.875000e-01,
1047,1.843750e-01,
1048,1.750000e-01,
1049,1.687500e-01,
1050,1.593750e-01,
1051,1.531250e-01,
1052,1.468750e-01,
1053,1.375000e-01,
1054,1.312500e-01,
1055,1.250000e-01,
1056,1.187500e-01,
1057,1.093750e-01,
1058,1.062500e-01,
1059,1.000000e-01,
1060,9.375000e-02,
1061,8.437500e-02,
1062,8.125000e-02,
1063,7.812500e-02,
1064,7.187500e-02,
1065,6.875000e-02,
1066,6.250000e-02,
1067,6.250000e-02,
1068,5.937500e-02,
1069,5.625000e-02,
1070,5.312500e-02,
1071,5.312500e-02,
1072,5.000000e-02,
1073,5.000000e-02,
1074,5.000000e-02,
1075,5.312500e-02,
1076,5.312500e-02,
1077,5.312500e-02,
1078,5.312500e-02,
1079,5.937500e-02,
1080,5.937500e-02,
1081,6.562500e-02,
1082,6.875000e-02,
1083,7.187500e-02,
1084,7.500000e-02,
1085,8.125000e-02,
1086,8.750000e-02,
1087,9.375000e-02,
1088,1.000000e-01,
1089,1.062500e-01,
1090,1.125000e-01,
1091,1.218750e-01,
1092,1.281250e-01,
1093,1.343750e-01,
1094,1.406250e-01,
1095,1.500000e-01,
1096,1.562500e-01,
1097,1.625000e-01,
1098,1.718750e-01,
1099,1.812500e-01,
1100,1.906250e-01,
1101,2.000000e-01,
1102,2.031250e-01,
1103,2.156250e-01,
1104,2.218750e-01,
1105,2.312500e-01,
1106,2.343750e-01,
1107,2.437500e-01,
1108,2.500000e-01,
1109,2.625000e-01,
1110,2.656250e-01,
1111,2.718750e-01,
1112,2.781250e-01,
1113,2.843750e-01,
1114,2.906250e-01,
1115,2.968750e-01,
1116,3.000000e-01,
1117,3.062500e-01,
1118,3.093750e-01,
1119,3.156250e-01,
1120,3.156250e-01,
1121,3.187500e-01,
1122,3.218750e-01,
1123,3.218750e-01,
1124,3.218750e-01,
1125,3.250000e-01,
1126,3.250000e-01,
1127,3.281250e-01,
1128,3.218750e-01,
1129,3.187500e-01,
1130,3.187500e-01,
1131,3.187500e-01,
1132,3.093750e-01,
1133,3.093750e-01,
1134,3.031250e-01,
1135,3.000000e-01,
1136,2.937500e-01,
1137,2.875000e-01,
1138,2.812500e-01,
1139,2.750000e-01,
1140,2.687500e-01,
1141,2.593750e-01,
1142,2.531250e-01,
1143,2.468750e-01,
1144,2.375000e-01,
1145,2.250000e-01,
1146,2.156250e-01,
1147,2.093750e-01,
1148,2.000000e-01,
1149,1.906250e-01,
1150,1.812500e-01,
1151,1.750000e-01,
1152,1.593750e-01,
1153,1.500000e-01,
1154,1.406250e-01,
1155,1.312500e-01,
1156,1.218750e-01,
1157,1.125000e-01,
1158,1.062500e-01,
1159,9.687500e-02,
1160,9.062500e-02,
1161,8.437500e-02,
1162,7.500000e-02,
1163,6.875000e-02,
1164,6.250000e-02,
1165,5.625000e-02,
1166,5.000000e-02,
1167,5.000000e-02,
1168,4.375000e-02,
1169,4.062500e-02,
1170,4.062500e-02,
1171,3.750000e-02,
1172,3.750000e-02,
1173,3.437500e-02,
1174,3.125000e-02,
1175,3.437500e-02,
1176,3.437500e-02,
1177,3.437500e-02,
1178,4.062500e-02,
1179,4.062500e-02,
1180,4.375000e-02,
1181,4.687500e-02,
1182,5.312500e-02,
1183,5.625000e-02,
1184,5.625000e-02,
1185,6.250000e-02,
1186,6.875000e-02,
1187,7.500000e-02,
1188,7.812500e-02,
1189,8.437500e-02,
1190,9.062500e-02,
1191,9.687500e-02,
1192,1.062500e-01,
1193,1.125000e-01,
1194,1.187500e-01,
1195,1.250000e-01,
1196,1.343750e-01,
1197,1.406250e-01,
1198,1.500000e-01,
1199,1.562500e-01,
1200,1.656250e-01,
1201,1.750000e-01,
1202,1.843750e-01,
1203,1.906250e-01,
1204,1.968750e-01,
1205,2.062500e-01,
1206,2.156250e-01,
1207,2.187500e-01,
1208,2.250000e-01,
1209,2.343750e-01,
1210,2.406250e-01,
1211,2.468750e-01,
1212,2.531250e-01,
1213,2.593750e-01,
1214,2.656250e-01,
1215,2.718750e-01,
1216,2.781250e-01,
1217,2.843750e-01,
1218,2.843750e-01,
1219,2.906250e-01,
1220,2.937500e-01,
1221,2.968750e-01,
1222,2.968750e-01,
1223,3.000000e-01,
1224,3.000000e-01,
1225,3.031250e-01,
1226,3.062500e-01,
1227,3.062500e-01,
1228,3.031250e-01,
1229,3.031250e-01,
1230,3.000000e-01,
1231,2.968750e-01,
1232,2.906250e-01,
1233,2.906250e-01,
1234,2.875000e-01,
1235,2.812500e-01,
1236,2.750000e-01,
1237,2.718750e-01,
1238,2.656250e-01,
1239,2.593750e-01,
1240,2.531250e-01,
1241,2.468750e-01,
1242,2.406250e-01,
1243,2.312500e-01,
1244,2.250000e-01,
1245,2.187500e-01,
1246,2.093750e-01,
1247,2.000000e-01,
1248,1.968750e-01,
1249,1.875000e-01,
1250,1.750000e-01,
1251,1.687500e-01,
1252,1.593750e-01,
1253,1.531250e-01,
1254,1.437500e-01,
1255,1.343750e-01,
1256,1.281250e-01,
1257,1.187500e-01,
1258,1.156250e-01,
1259,1.062500e-01,
1260,1.000000e-01,
1261,9.062500e-02,
1262,8.750000e-02,
1263,8.125000e-02,
1264,7.500000e-02,
1265,6.875000e-02,
1266,6.562500e-02,
1267,6.250000e-02,
1268,5.937500e-02,
1269,5.625000e-02,
1270,5.312500e-02,
1271,5.000000e-02,
1272,5.000000e-02,
1273,4.687500e-02,
1274,4.687500e-02,
1275,4.687500e-02,
1276,4.687500e-02,
1277,4.687500e-02,
1278,4.687500e-02,
1279,5.312500e-02,
1280,5.312500e-02,
1281,5.625000e-02,
1282,5.937500e-02,
1283,6.562500e-02,
1284,7.187500e-02,
1285,7.812500e-02,
1286,8.125000e-02,
1287,8.750000e-02,
1288,9.062500e-02,
1289,1.000000e-01,
1290,1.062500e-01,
1291,1.125000e-01,
1292,1.187500e-01,
1293,1.281250e-01,
1294,1.312500e-01,
1295,1.406250e-01,
1296,1.500000e-01,
1297,1.593750e-01,
1298,1.656250e-01,
1299,1.750000e-01,
1300,1.812500e-01,
1301,1.875000e-01,
1302,1.968750e-01,
1303,2.062500e-01,
1304,2.125000e-01,
1305,2.218750e-01,
1306,2.250000e-01,
1307,2.343750e-01,
1308,2.437500e-01,
1309,2.468750e-01,
1310,2.531250e-01,
1311,2.593750e-01,
1312,2.656250e-01,
1313,2.718750e-01,
1314,2.781250e-01,
1315,2.812500e-01,
1316,2.843750e-01,
1317,2.875000e-01,
1318,2.906250e-01,
1319,2.937500e-01,
1320,2.937500e-01,
1321,2.968750e-01,
1322,2.968750e-01,
1323,3.000000e-01,
1324,3.000000e-01,
1325,3.000000e-01,
1326,2.968750e-01,
1327,3.000000e-01,
1328,2.937500e-01,
1329,2.937500e-01,
1330,2.906250e-01,
1331,2.875000e-01,
1332,2.843750e-01,
1333,2.812500e-01,
1334,2.750000e-01,
1335,2.687500e-01,
1336,2.593750e-01,
1337,2.562500e-01,
1338,2.500000e-01,
1339,2.468750e-01,
1340,2.375000e-01,
1341,2.312500e-01,
1342,2.218750e-01,
1343,2.156250e-01,
1344,2.093750e-01,
1345,2.031250e-01,
1346,1.906250e-01,
1347,1.843750e-01,
1348,1.750000e-01,
1349,1.718750e-01,
1350,1.593750e-01,
1351,1.531250e-01,
1352,1.468750e-01,
1353,1.375000e-01,
1354,1.281250e-01,
1355,1.250000e-01,
1356,1.156250e-01,
1357,1.093750e-01,
1358,1.000000e-01,
1359,9.687500e-02,
1360,8.750000e-02,
1361,7.812500e-02,
1362,7.500000e-02,
1363,7.187500e-02,
1364,6.562500e-02,
1365,5.937500e-02,
1366,5.625000e-02,
1367,5.312500e-02,
1368,5.000000e-02,
1369,4.687500e-02,
1370,4.375000e-02,
1371,4.375000e-02,
1372,4.062500e-02,
1373,4.062500e-02,
1374,4.062500e-02,
1375,4.375000e-02,
1376,4.375000e-02,
1377,4.375000e-02,
1378,4.687500e-02,
1379,5.312500e-02,
1380,5.312500e-02,
1381,5.312500e-02,
1382,5.937500e-02,
1383,6.875000e-02,
1384,7.500000e-02,
1385,7.812500e-02,
1386,8.437500e-02,
1387,9.062500e-02,
1388,1.000000e-01,
1389,1.062500e-01,
1390,1.125000e-01,
1391,1.250000e-01,
1392,1.312500e-01,
1393,1.406250e-01,
1394,1.500000e-01,
1395,1.593750e-01,
1396,1.687500e-01,
1397,1.781250e-01,
1398,1.843750e-01,
1399,1.937500e-01,
